{"cameraMode":{"drawMode":0,"name":"Shaded","section":"Shading Mode"},"sceneLighting":false,"audioPlay":false,"sceneViewState":{"m_AlwaysRefresh":false,"showFog":true,"showSkybox":false,"showFlares":true,"showImageEffects":true,"showParticleSystems":true,"showVisualEffectGraphs":true,"m_FxEnabled":true},"in2DMode":false,"pivot":{"x":-10.96749210357666,"y":2.6479554176330568,"z":-17.795610427856447},"rotation":{"x":0.16664402186870576,"y":0.08124654740095139,"z":-0.013779258355498314,"w":0.9825788736343384},"size":0.000016797937860246748,"orthographic":false}