{"cameraMode":{"drawMode":0,"name":"Shaded","section":"Shading Mode"},"sceneLighting":true,"audioPlay":false,"sceneViewState":{"m_AlwaysRefresh":false,"showFog":true,"showSkybox":false,"showFlares":true,"showImageEffects":true,"showParticleSystems":true,"showVisualEffectGraphs":true,"m_FxEnabled":true},"in2DMode":false,"pivot":{"x":-0.13602113723754884,"y":-0.0009622476645745337,"z":-0.3123573660850525},"rotation":{"x":0.003071238985285163,"y":-0.9969441294670105,"z":0.05838683247566223,"w":0.052368707954883578},"size":0.9058939218521118,"orthographic":false}