{"cameraMode":{"drawMode":0,"name":"Shaded","section":"Shading Mode"},"sceneLighting":false,"audioPlay":false,"sceneViewState":{"m_AlwaysRefresh":false,"showFog":true,"showSkybox":false,"showFlares":true,"showImageEffects":true,"showParticleSystems":true,"showVisualEffectGraphs":true,"m_FxEnabled":true},"in2DMode":false,"pivot":{"x":0.06240307167172432,"y":1.327983021736145,"z":-4.159454345703125},"rotation":{"x":0.1538834422826767,"y":-0.00741130905225873,"z":0.0011543724685907364,"w":0.9880715608596802},"size":0.000017320508050033823,"orthographic":false}