{"cameraMode":{"drawMode":0,"name":"Shaded","section":"Shading Mode"},"sceneLighting":false,"audioPlay":false,"sceneViewState":{"m_AlwaysRefresh":false,"showFog":true,"showSkybox":false,"showFlares":true,"showImageEffects":true,"showParticleSystems":true,"showVisualEffectGraphs":true,"m_FxEnabled":true},"in2DMode":false,"pivot":{"x":-0.0742487907409668,"y":0.11582696437835694,"z":1.043203592300415},"rotation":{"x":0.012372664175927639,"y":0.9856962561607361,"z":-0.14595025777816773,"w":0.08360202610492706},"size":0.48999226093292239,"orthographic":false}