{"cameraMode":{"drawMode":0,"name":"Shaded","section":"Shading Mode"},"sceneLighting":false,"audioPlay":false,"sceneViewState":{"m_AlwaysRefresh":false,"showFog":true,"showSkybox":false,"showFlares":true,"showImageEffects":true,"showParticleSystems":true,"showVisualEffectGraphs":true,"m_FxEnabled":true},"in2DMode":false,"pivot":{"x":0.40481826663017275,"y":1.3618230819702149,"z":-4.075562000274658},"rotation":{"x":0.1596178412437439,"y":-0.04884500801563263,"z":0.007907812483608723,"w":0.9859489798545837},"size":0.000017320508050033823,"orthographic":false}