{"cameraMode":{"drawMode":0,"name":"Shaded","section":"Shading Mode"},"sceneLighting":true,"audioPlay":false,"sceneViewState":{"m_AlwaysRefresh":false,"showFog":true,"showSkybox":false,"showFlares":true,"showImageEffects":true,"showParticleSystems":true,"showVisualEffectGraphs":true,"m_FxEnabled":true},"in2DMode":false,"pivot":{"x":-0.2338113635778427,"y":-0.1684846132993698,"z":-1.0449492931365967},"rotation":{"x":0.0029836553148925306,"y":-0.9970215559005737,"z":0.058391373604536059,"w":0.05087323486804962},"size":1.2298285961151124,"orthographic":false}