{"cameraMode":{"drawMode":0,"name":"Shaded","section":"Shading Mode"},"sceneLighting":true,"audioPlay":false,"sceneViewState":{"m_AlwaysRefresh":false,"showFog":true,"showSkybox":true,"showFlares":true,"showImageEffects":true,"showParticleSystems":true,"showVisualEffectGraphs":true,"m_FxEnabled":true},"in2DMode":false,"pivot":{"x":-19.11220932006836,"y":0.41693350672721865,"z":-27.92337417602539},"rotation":{"x":-0.02096704952418804,"y":-0.9772857427597046,"z":0.11575140804052353,"w":-0.1766279935836792},"size":1.2505146265029908,"orthographic":false}