{"cameraMode":{"drawMode":0,"name":"Shaded","section":"Shading Mode"},"sceneLighting":true,"audioPlay":false,"sceneViewState":{"m_AlwaysRefresh":false,"showFog":true,"showSkybox":false,"showFlares":true,"showImageEffects":true,"showParticleSystems":true,"showVisualEffectGraphs":true,"m_FxEnabled":true},"in2DMode":false,"pivot":{"x":-0.07571396976709366,"y":-0.095006063580513,"z":-0.8047257661819458},"rotation":{"x":0.0029836553148925306,"y":-0.9970215559005737,"z":0.058391373604536059,"w":0.05087323114275932},"size":1.1068525314331055,"orthographic":false}